<?xml version="1.0" encoding="UTF-8"?>
<beans xmlns="http://www.springframework.org/schema/beans"
       xmlns:xsi="http://www.w3.org/2001/XMLSchema-instance"
       xmlns:context="http://www.springframework.org/schema/context"
       xmlns:aop="http://www.springframework.org/schema/aop"
       xmlns:tx="http://www.springframework.org/schema/tx"
       xsi:schemaLocation="http://www.springframework.org/schema/beans
	http://www.springframework.org/schema/beans/spring-beans.xsd
	http://www.springframework.org/schema/context
	http://www.springframework.org/schema/context/spring-context.xsd
	http://www.springframework.org/schema/aop
	http://www.springframework.org/schema/aop/spring-aop.xsd
	http://www.springframework.org/schema/tx
	http://www.springframework.org/schema/tx/spring-tx.xsd">

<!--    开启注解扫描 只处理service和dao-->
    <context:component-scan base-package="com.veveup">
        <context:exclude-filter type="annotation" expression="org.springframework.stereotype.Controller"></context:exclude-filter>
    </context:component-scan>

    <context:property-placeholder location="classpath:config.properties"></context:property-placeholder>
<!--    Spring整合Mybatis-->
<!--    配置连接池-->
    <bean id="dataSource" class="com.mchange.v2.c3p0.ComboPooledDataSource">
        <property name="driverClass" value="${driverClass}"></property>
        <property name="jdbcUrl" value="${jdbcUrl}"></property>
        <property name="user" value="${username}"></property>
        <property name="password" value="${password}"></property>
    </bean>

<!--    配置SqlSessionFactory-->
    <bean id="sessionFactory" class="org.mybatis.spring.SqlSessionFactoryBean">
        <property name="dataSource" ref="dataSource"></property>

    </bean>

<!--    配置AccountDao接口所在包-->
    <bean id="mapperScanner" class="org.mybatis.spring.mapper.MapperScannerConfigurer">
        <property name="basePackage" value="com.veveup.dao"></property>
    </bean>

<!--    配置Spring框架声明式事物关系-->
<!--    配置事务管理器-->
    <bean id="transactionManager" class="org.springframework.jdbc.datasource.DataSourceTransactionManager">
        <property name="dataSource" ref="dataSource"></property>
    </bean>

<!--    配置事务通知-->
    <tx:advice id="txAdvice"    transaction-manager="transactionManager">
        <tx:attributes>
            <tx:method name="find*" read-only="true"></tx:method>
            <tx:method name="*" isolation="DEFAULT"></tx:method>
        </tx:attributes>
    </tx:advice>

<!--    配置AOP增强-->
    <aop:config>
        <aop:advisor advice-ref="txAdvice" pointcut="execution(* com.veveup.service.impl.*ServiceImpl.*(..))"></aop:advisor>
    </aop:config>
</beans>
