<?xml version="1.0" encoding="UTF-8"?>
<beans xmlns:mvc="http://www.springframework.org/schema/mvc"
       xmlns:context="http://www.springframework.org/schema/context"
       xmlns:xsi="http://www.w3.org/2001/XMLSchema-instance" xmlns="http://www.springframework.org/schema/beans"
       xmlns:aop="http://www.springframework.org/schema/aop"
       xsi:schemaLocation="http://www.springframework.org/schema/beans
http://www.springframework.org/schema/beans/spring-beans.xsd
http://www.springframework.org/schema/mvc
http://www.springframework.org/schema/mvc/spring-mvc.xsd
http://www.springframework.org/schema/context
http://www.springframework.org/schema/context/spring-context.xsd http://www.springframework.org/schema/aop https://www.springframework.org/schema/aop/spring-aop.xsd">

    <!--    开启注解扫描 只扫描Controller-->
    <context:component-scan base-package="com.veveup">
        <context:include-filter type="annotation" expression="org.springframework.stereotype.Controller"/>
    </context:component-scan>

    <!--    配置视图解析器对象-->
    <bean id="internalResourceViewResolver" class="org.springframework.web.servlet.view.InternalResourceViewResolver">
        <property name="prefix" value="/WEB-INF/pages/"></property>
        <property name="suffix" value=".jsp"></property>
    </bean>

    <!--    过滤静态资源-->
    <mvc:default-servlet-handler></mvc:default-servlet-handler>
    <mvc:resources mapping="/static/**" location="/static/"></mvc:resources>
    <mvc:resources mapping="/css/**" location="/css/"></mvc:resources>
    <mvc:resources mapping="/img/**" location="/img/"></mvc:resources>
    <mvc:resources mapping="/js/**" location="/js/"></mvc:resources>

    <!--    开启SpringMVC注解的支持-->
    <mvc:annotation-driven></mvc:annotation-driven>

    <!--&lt;!&ndash;    aop注解配置&ndash;&gt;-->
    <!--    <aop:aspectj-autoproxy/>-->


</beans>

