<?xml version="1.0" encoding="UTF-8"?>
<!DOCTYPE mapper PUBLIC "-//mybatis.org//DTD Mapper 3.0//EN" "http://mybatis.org/dtd/mybatis-3-mapper.dtd">
<mapper namespace="com.xrluo.mbg.mapper.MessageMapper">
    <resultMap id="BaseResultMap" type="com.xrluo.mbg.model.Message">
        <id column="id" jdbcType="INTEGER" property="id"/>
        <result column="username" jdbcType="VARCHAR" property="username"/>
        <result column="avatar" jdbcType="VARCHAR" property="avatar"/>
        <result column="created_at" jdbcType="INTEGER" property="createdAt"/>
    </resultMap>
    <resultMap extends="BaseResultMap" id="ResultMapWithBLOBs" type="com.xrluo.mbg.model.Message">
        <result column="content" jdbcType="LONGVARCHAR" property="content"/>
    </resultMap>
    <sql id="Example_Where_Clause">
        <where>
            <foreach collection="oredCriteria" item="criteria" separator="or">
                <if test="criteria.valid">
                    <trim prefix="(" prefixOverrides="and" suffix=")">
                        <foreach collection="criteria.criteria" item="criterion">
                            <choose>
                                <when test="criterion.noValue">
                                    and ${criterion.condition}
                                </when>
                                <when test="criterion.singleValue">
                                    and ${criterion.condition} #{criterion.value}
                                </when>
                                <when test="criterion.betweenValue">
                                    and ${criterion.condition} #{criterion.value} and #{criterion.secondValue}
                                </when>
                                <when test="criterion.listValue">
                                    and ${criterion.condition}
                                    <foreach close=")" collection="criterion.value" item="listItem" open="("
                                             separator=",">
                                        #{listItem}
                                    </foreach>
                                </when>
                            </choose>
                        </foreach>
                    </trim>
                </if>
            </foreach>
        </where>
    </sql>
    <sql id="Update_By_Example_Where_Clause">
        <where>
            <foreach collection="example.oredCriteria" item="criteria" separator="or">
                <if test="criteria.valid">
                    <trim prefix="(" prefixOverrides="and" suffix=")">
                        <foreach collection="criteria.criteria" item="criterion">
                            <choose>
                                <when test="criterion.noValue">
                                    and ${criterion.condition}
                                </when>
                                <when test="criterion.singleValue">
                                    and ${criterion.condition} #{criterion.value}
                                </when>
                                <when test="criterion.betweenValue">
                                    and ${criterion.condition} #{criterion.value} and #{criterion.secondValue}
                                </when>
                                <when test="criterion.listValue">
                                    and ${criterion.condition}
                                    <foreach close=")" collection="criterion.value" item="listItem" open="("
                                             separator=",">
                                        #{listItem}
                                    </foreach>
                                </when>
                            </choose>
                        </foreach>
                    </trim>
                </if>
            </foreach>
        </where>
    </sql>
    <sql id="Base_Column_List">
    id, username, avatar, created_at
  </sql>
    <sql id="Blob_Column_List">
    content
  </sql>
    <select id="selectByExampleWithBLOBs" parameterType="com.xrluo.mbg.model.MessageExample"
            resultMap="ResultMapWithBLOBs">
        select
        <if test="distinct">
            distinct
        </if>
        <include refid="Base_Column_List"/>
        ,
        <include refid="Blob_Column_List"/>
        from message
        <if test="_parameter != null">
            <include refid="Example_Where_Clause"/>
        </if>
        <if test="orderByClause != null">
            order by ${orderByClause}
        </if>
    </select>
    <select id="selectByExample" parameterType="com.xrluo.mbg.model.MessageExample" resultMap="BaseResultMap">
        select
        <if test="distinct">
            distinct
        </if>
        <include refid="Base_Column_List"/>
        from message
        <if test="_parameter != null">
            <include refid="Example_Where_Clause"/>
        </if>
        <if test="orderByClause != null">
            order by ${orderByClause}
        </if>
    </select>
    <select id="selectByPrimaryKey" parameterType="java.lang.Integer" resultMap="ResultMapWithBLOBs">
        select
        <include refid="Base_Column_List"/>
        ,
        <include refid="Blob_Column_List"/>
        from message
        where id = #{id,jdbcType=INTEGER}
    </select>
    <delete id="deleteByPrimaryKey" parameterType="java.lang.Integer">
    delete from message
    where id = #{id,jdbcType=INTEGER}
  </delete>
    <delete id="deleteByExample" parameterType="com.xrluo.mbg.model.MessageExample">
        delete from message
        <if test="_parameter != null">
            <include refid="Example_Where_Clause"/>
        </if>
    </delete>
    <insert id="insert" parameterType="com.xrluo.mbg.model.Message">
        <selectKey keyProperty="id" order="AFTER" resultType="java.lang.Integer">
            SELECT LAST_INSERT_ID()
        </selectKey>
        insert into message (username, avatar, created_at,
        content)
        values (#{username,jdbcType=VARCHAR}, #{avatar,jdbcType=VARCHAR}, #{createdAt,jdbcType=INTEGER},
        #{content,jdbcType=LONGVARCHAR})
    </insert>
    <insert id="insertSelective" parameterType="com.xrluo.mbg.model.Message">
        <selectKey keyProperty="id" order="AFTER" resultType="java.lang.Integer">
            SELECT LAST_INSERT_ID()
        </selectKey>
        insert into message
        <trim prefix="(" suffix=")" suffixOverrides=",">
            <if test="username != null">
                username,
            </if>
            <if test="avatar != null">
                avatar,
            </if>
            <if test="createdAt != null">
                created_at,
            </if>
            <if test="content != null">
                content,
            </if>
        </trim>
        <trim prefix="values (" suffix=")" suffixOverrides=",">
            <if test="username != null">
                #{username,jdbcType=VARCHAR},
            </if>
            <if test="avatar != null">
                #{avatar,jdbcType=VARCHAR},
            </if>
            <if test="createdAt != null">
                #{createdAt,jdbcType=INTEGER},
            </if>
            <if test="content != null">
                #{content,jdbcType=LONGVARCHAR},
            </if>
        </trim>
    </insert>
    <select id="countByExample" parameterType="com.xrluo.mbg.model.MessageExample" resultType="java.lang.Long">
        select count(*) from message
        <if test="_parameter != null">
            <include refid="Example_Where_Clause"/>
        </if>
    </select>
    <update id="updateByExampleSelective" parameterType="map">
        update message
        <set>
            <if test="record.id != null">
                id = #{record.id,jdbcType=INTEGER},
            </if>
            <if test="record.username != null">
                username = #{record.username,jdbcType=VARCHAR},
            </if>
            <if test="record.avatar != null">
                avatar = #{record.avatar,jdbcType=VARCHAR},
            </if>
            <if test="record.createdAt != null">
                created_at = #{record.createdAt,jdbcType=INTEGER},
            </if>
            <if test="record.content != null">
                content = #{record.content,jdbcType=LONGVARCHAR},
            </if>
        </set>
        <if test="_parameter != null">
            <include refid="Update_By_Example_Where_Clause"/>
        </if>
    </update>
    <update id="updateByExampleWithBLOBs" parameterType="map">
        update message
        set id = #{record.id,jdbcType=INTEGER},
        username = #{record.username,jdbcType=VARCHAR},
        avatar = #{record.avatar,jdbcType=VARCHAR},
        created_at = #{record.createdAt,jdbcType=INTEGER},
        content = #{record.content,jdbcType=LONGVARCHAR}
        <if test="_parameter != null">
            <include refid="Update_By_Example_Where_Clause"/>
        </if>
    </update>
    <update id="updateByExample" parameterType="map">
        update message
        set id = #{record.id,jdbcType=INTEGER},
        username = #{record.username,jdbcType=VARCHAR},
        avatar = #{record.avatar,jdbcType=VARCHAR},
        created_at = #{record.createdAt,jdbcType=INTEGER}
        <if test="_parameter != null">
            <include refid="Update_By_Example_Where_Clause"/>
        </if>
    </update>
    <update id="updateByPrimaryKeySelective" parameterType="com.xrluo.mbg.model.Message">
        update message
        <set>
            <if test="username != null">
                username = #{username,jdbcType=VARCHAR},
            </if>
            <if test="avatar != null">
                avatar = #{avatar,jdbcType=VARCHAR},
            </if>
            <if test="createdAt != null">
                created_at = #{createdAt,jdbcType=INTEGER},
            </if>
            <if test="content != null">
                content = #{content,jdbcType=LONGVARCHAR},
            </if>
        </set>
        where id = #{id,jdbcType=INTEGER}
    </update>
    <update id="updateByPrimaryKeyWithBLOBs" parameterType="com.xrluo.mbg.model.Message">
    update message
    set username = #{username,jdbcType=VARCHAR},
      avatar = #{avatar,jdbcType=VARCHAR},
      created_at = #{createdAt,jdbcType=INTEGER},
      content = #{content,jdbcType=LONGVARCHAR}
    where id = #{id,jdbcType=INTEGER}
  </update>
    <update id="updateByPrimaryKey" parameterType="com.xrluo.mbg.model.Message">
    update message
    set username = #{username,jdbcType=VARCHAR},
      avatar = #{avatar,jdbcType=VARCHAR},
      created_at = #{createdAt,jdbcType=INTEGER}
    where id = #{id,jdbcType=INTEGER}
  </update>
</mapper>